Hash,vt_detection,vt_labels
9aff64a69f94a56ca65f181089ee0b86bfd1e92e693b8a2f38ebce6fadc13afd,0,
6ce0dc7c8098e37ae9f9182f4bc9c2d44f36bcb6e4a252279fcc848a1bb3eaae,0,
66ae9257e53bc72e0530b2a6afbbce0c8c66b7bbbf7b640a503e235bf06dcb6d,0,
5a36230ce286ee04d4dbaa08f779a5b504143dbdac62416180f14b5da247d72c,0,
5e0b94fe2ccc7730fdab6542ef461e05bca0b5de9ce8ea7f40e24800de70b4d8,0,
3456925d75803e1368d36dec9f18e71567a0d007333e9a92072301ca448adbe2,0,
181b2c82428d9fc192907779d174c6917e1dc2b74c6afac3d5a3de2e8ece9429,0,
19a3c9c9fea96ddac4dad67905e6cf0d7fda609f592ded7de9908f9d8a8ce3b8,0,
21389f1bd3f9fc313dd6e169bc431c5ec287423279537d26ef17d8177db0aac8,1,'fortinet android/agent.mx!tr'
eb873afb8d0fd5e28f1a908fa37a247cd49b9f5e7afe6c703c94291c8561d46b,0,
49b33c25a201d5e9f5ed50186607ab622f3c4ef44089bc214535bf561bd3fd43,0,
61dacca6014250c714802391c54fcabd1fabf36fc492cd24b2911aa2c5c391f8,0,
994ead5cb4340fec69da38bfa4ac301f48461dc8ae3147146c1621eb6977c18e,0,
7e7ce0fc74ebbf16cacd1807da422a1cca0e5d81d0af73725462ac0445b78218,0,
6700f8b5a3c4163d26281d33ad3b965dd315e9e4229d16c412fe7dc02326c8ff,0,
4ad35edecd50a2a7a7772172756c33ae9e532f3a1d0e7edb9e331635fa356e4a,0,
fb9a5cbf857119fc12f76ebe87b7653da402c531d120e31f87d33e2222c921e4,0,
ecd74e3fb8ec94308292d93f8d27dbe09bd851a94d45b69e9d2885da4f278731,0,
9a8e78fed6599e09f1378f9b316f6d3728f223a99b4293376125fe1973a9e737,0,
6c361853e61e5c9a3ef75397e3dec064108c9902dad2331a6d3a5a140becfbbe,0,
b0ab2a56d4f8969d8babbea1ca223dfe5ec2d0a4bc20f68021e9f0296432bf23,0,
7c6a45b143e66be858803e9ff18ee1b97c2468169fcd7bae121c8ca973d67cfb,0,
5a2b15e38cea748014d7a1edffa92a6632555f0f3c6607ae033f18118962d96c,0,
5bb894104924433a374e0a18e2aa9d319009233e5c7a60896855e59345418ff8,1,'sentinelone (static ml) static ai - malicious archive'
a8ceb8bc93a66dfc7b8c6b3ac6fb1b265fe10969040ae027699275b75494b6c9,0,
e5999767ba981c10e84e5e77061abc724d5cecdbfe298d46de5ab80469f61344,0,
79f8a2def8ace3317deccaca29b8f8238f332e53a5e2e9abc5a2a51d1fa206f6,0,
981b5c02532f2fc3d3cec2632188d08198114f83ec2e7960f53d1880f836b0e9,0,
7a7e98a0cfd17f27266b3256b0d975070de564c03b900e2a80d2ea293e0a320e,0,
c341379beb487f5731c26f8b01156192e9e4b7ae589724d87752bec5e419cca8,1,'bkav pro'
8b00765bfced4e65debba10970d8fe7cf12f62b008e7aec2b8847d9e65d94d59,0,
aa412475be074096e8638e06c073c55d6696ff177f8c0b0a64770c69c688d94a,0,
f4240eb7b5bcb96629872aefee046daf1f0f9cceb68ed58d5b3d3937a78d8138,0,
2d75532cae69d6ccc4948deabffae6c0f023412fc79da52e8381524382bdff2c,0,
7015cad8ed7eac9a9bc58da71f105bfdbb338c336e3bf2c575f4737ea57a98c6,0,
cf9ed4a78ae98f9517332a14e8dbf629734d4b44633e22304b5428f6d0a1589e,0,
40627fad47208e13ff7955035d04715ba5b4eebde6c5a19701777458539c1063,0,
34decd5a982c1c0e7b9a4c95cee780b4d89a457d291bc30f67210840a162e65a,0,
1fdcc39e195c89da744a5fd6bf9938bc9305cd593af5e6313ff45a37de9df1eb,0,
d57e474849005ca8bc044bfa86cdb88d05b810327c4452008f1173b2f280904f,0,
4196f5123fe29fde6116d767f2286303d9526b5e161fd5ada69a699233894e4e,0,
f45949e07bc66c6a5a345250b0da89a382ae7bf4ff1db26c923a99df25359ef7,0,
164605c201e064850bb777b8a49d51da99c006092182e94f184c92ad8bc687f9,0,
9437bf573a5ecc7ee4f7d6d0e043193c50b9127f20171893c1597b4c4e9d3ac3,0,
5b4f30ffb919927f5d66297571fb43fd2e3fa8991677d736a65639b792c47607,0,
c9ade477c87b0fbbcd9801db96f5de578b0eca1f8b5bac5862cf02d646d75c26,0,
a070a78a18adc558d7f3a279a12d3f44a6012fe1cbe7db83aa04dd24a66d261d,0,
5fb021386529a98f9a78b96f2555943247c369bb4ad1597e51a0af9a53bb9ddd,0,
23407e8712716302835e217065c72d8df1598f1124ad50e2d0117e1284617f8a,0,
22bd08868d1a25eeb19eeff368a9c40b4e488d056ccc1f6c7995789579861406,0,
fc380d5ee8db9f384f2523542ec083257345fee86f33197c0e50c0df272a8de5,0,
2c0e6503507af7ac11accb81b4400d822366df3837be09456ebde1a99c892b14,0,
0c21f6d60e23b0fa05150aadace148b5bcd282f222a84b020a206c24e869f25f,0,
9b340d434ced1bd5687a8c6d2f77c34480b382b2ee9383100af0fcc84aaa0e5d,0,
324d90de3630cbf4839ef8e0e3c555453e8528f383aac0b5718c66c6b833498f,0,
5ec3556eb8efd7f46f5e4cd397d4dea0fac560d0ac57b924f86d36a8c59f515d,0,
968d255bd6c310002782d9b16cda86d4a3e05917bfb34827f09b7cc5997a60d7,0,
4171a34b3c6c63c8c39e62537eef7fc9113f7af3a6f65d03522eb25298cd6480,1,'crowdstrike falcon'
70c8b3e51a2432dfd8fbfaa05ab39db4457d1fe96c1e0e38389bc5ab3eb8d6e0,1,'ikarus pua.androidos.hiddad'
652aa32ee11dd109f11feef942fa4207306b1651e8f342e047cf450d8ae7b9a5,0,
edc37057bce38514beb945d25d124986338ee9c78f61e7681d5f36bc459cf33b,1,'sangfor engine zero'
a5a6fc03922b9ac9b22d66a7b5bae9e379e401df81efc83587d2c120998a4ffd,0,
c3398f5485939109a562c7da3f9ea747f02f84a5bbd24219aba403062eca62fa,0,
0c75eea3e74e4bd1bc697f454e6eae9902b664e00470f025cc7f94ffa7e55d37,0,
9e9bc8fd2b49b1587bbf4cbcbbee0a59ff3ff9b67086ecf2227be802a56f4ab1,0,
f0d55888adce2e8534f4d939f533f72e10a1895ac12cd248cb1982042e857ab6,0,
84cab90be924a86a0af5bf353aaf0bbbefa742ffebd06275503e1ca42db08d2e,0,
6a5f9e907f286cc6f3bbba5e855f857b951a789c5ad88c6c4ba86ab93cef5f19,1,'skyhigh (swg)'
1c01d1cdb469df25e93ce5605748977c630f8538a4d1a1b5bc59af533feb4b93,0,
e205ef1583193c642f1cae8086665e43c96067fb972844ab5a4c4fe77f627937,0,
a7dbf629feb5b55b0f4b033947096a724b5934e3317c94de46847af88b88080e,0,
b60c4d5a3f46cb4902e038f94a496e74dd21c6ffb113297b4e33a157cea8d02a,0,
fca02c32d4b281497dd9199f037f957b5270491964ba6d20b1b75718b6875cef,0,
e811f04491b9a7859602f8fad9165d1df7127696cc03418ffb5c8ca0914c64da,23,"'labeltrojan.mocen threat categoriestr family labelsmocen', 'antiy-avl trojan/generic.asmalwad.15', 'avast-mobile apk:repmalware trj', 'avert labs artemis!9bb17376d1b1', 'bitdefenderfalx android.trojan.haken.a', 'drweb android.click.936', 'eset-nod32 a variant of android/clicker.nt', 'fortinet android/clicker.nt!tr', 'google detected', 'ikarus trojan.androidos.clicker', 'k7gw trojan ( 005611de1 )', 'kaspersky not-a-virus:heur:adware.android…', 'lionic adware.androidos.mocen.a!c', 'max malware (ai score=99)', 'microso\x00 program:androidos/multiverze', 'nano-antivirus riskware.android.mocen.ijlqgh', 'quickheal android.clicker.gen43656', 'skyhigh (swg) artemis', 'sophos andr/clicker-hz', 'symantec pua.gen.2', 'tencent a.expense.clickertrojan', 'trustlook android.malware.general', 'zonealarm by check point not-a-virus:heur:adware.android…'"
1768cb8658cfaec3eb9dff7bb5b7d5ef4305401ef6242a63e49a3e49f43d878b,0,
bbf441b44b72a89f0a5542f1fce979afc6e0c0c556f8b5a64acb4d8a98bb43d1,0,
e285d19234e19694df63666f17c24d1ef49df5add6c7103282bb97f1f5770126,0,
93239a8bf32f3c909348aadb026671add11c825e004e82ba08db5a19cd6e2de4,0,
ffe335681a8a2208272a6fc449e045ff0fcd6cd888fed019d3b709f56bff4da6,0,
efefa12d9d8acc70781f930f7dae2c4443686777f82565acb3f6d9aac123e64f,0,
996f3e8a045b36a2a77f00367e9768279c2241e271ba3924cfd74121dc651d32,0,
280ad77f712e645abb4c436d92939a93b18bcb0bd3a582aeff6bf94a76a8b2bb,1,'trellix (fireeye)'
e4e79b8fb92f541e46eceaa3336cd1e804d70b66d6ba2678e9b6be70a0b55564,0,
8e642d75c3d6e3a1bf2374981b347369746902c52b9617f3b854eec3cdefa784,0,
831402cc8b3e4e3d90be3c3e1a22b15b52d4560e09a34b6d5c2db5c3823823b3,0,
13604ab5f030ca5290eafad7cdf11bd5aa50337288e839ee409f3f22733d698c,1,'maxsecure android.android.win32.hqwar.ec'
ad26b2970c09a644c08a0c8a981041995e3fc1f3ead614538c2965e55d806712,0,
42643b9d8b40b50d5a37c4b6dbf846f6ed9828d0b41fc39ec5bc976035a09e96,0,
9ccf78d18f17eab959b73d275e71487fe79d1228dfba12a1b4dbee8e340153fe,0,
637c891138ab079d2794e3225dafd99176516b6e4a09355257bcaf3616c957f8,1,'sangfor engine zero'
d314aefb43402f283efdb06b6b99dc62706e41ef9749306a56714c339774d6c5,0,
c320e546fe41b6b4bd7edc8c611faaa5ebda21a2145968e31ae6019231f3a9fe,0,
60547eef7d4f89ada0f286c0f23bf054271821d6275b1f5840a273a20faff801,0,
d5e6ebb9c640a6c2c9bf64c4e6d61d046c9abe45b3b6661b4fd670385f53e4e4,0,
4e4b068824b6b006c5364efe2440c15bb3e778a5a90bad5a741486e6eba9e7fa,1,'sentinelone (static ml)'
fc589cb851fec04627732c7474a4c0a7c9e923f3a8a092ca9b798f987ecf17a0,0,
2a586e7850581c88ba14ebce923823a46bd013ac23509659f9cb84b521567eb5,0,
c9ed1e20dc4b3b16a6a4a7671340f84076c3b88b8ade47a0245f871357e2c13a,0,
2bc88797f8943679c28cbd743b2166c98a97b4397ce6618f3e69041e36309c5f,0,
b5f7e4863d84aa4103f4332249b07f413cba4cb82565ce241d8078f04f244ac1,0,
2c6dacc613c4882e99ea787f8e5328eb172a0edae326a3e7b9d3f09c587433a5,0,
0aae249e7afa30356215d47dfea21841d162d48b97e7049184543f25fb603e15,0,
906cd442ad059cb2529dfac57e672dcf63bc04b96b0d70da6df1c66a94e19709,0,
6f0fc1d0fe5b1563bfe016bd290adb934c6b14e35375a4ecfd3f00933bbab4a5,0,
d205cbf7bcd7b0f11ec10dd00333a8d4a99dfd14ad82b6a4636910b8db03907a,0,
967b32d1527df23d46cb719e95f016ae31168a650c1ba4c214caf083caeeeb12,0,
976d1c6e5620afd85e082245efe2565ce1af1f23efa68dc0ff4714c9de7eda76,1,'bkav pro'
93f07ad591f7da9414570bdce95642afd8ac1d42ab4ee1a7d0dd1a8dda52b814,1,'bkav pro'
f0b833a5e94c57e3d76ae52a348b5161f4ce903d667f09fc28f8089b08a42f87,0,
b2dcec760ba738ab113f4bdf2d9e4f34ddfc2653ea1c4c8417248ca230acfefc,0,
15efb6f40b69f3fc9c53c94dca8198f4707e1a6366be8cf141d90060c599f756,0,
acbeea5ba5b1cc7eff0091a694c6d86c35c0ba69d9deee55c37513f7d3e5eb9e,0,
9d9cf078ada7448fae11e0dd220a616b4f7dfa6b386fd87665f7fcc82efedf83,1,'bkav pro'
23a62a691570facf65ccd0b79c152aee919ded098b7c886639419d39529e6693,1,'bkav pro'
f399b3803986bd5c2e1a4ea160472395a72d15a16cb1af34110d7542517b6cb9,0,
0f27a6bbb0f4360465921c26a069188925c318dfbab81ee02f8c209d99a63308,0,
2c64ca049a120a7421100aa0b67c199519a108ccb6046c441a7e456a4b97f42a,0,
d257196316a308a40030efcb5667c6e01259669e013c9c547c831f627829b2a1,0,
a0390abf01aa0b310e9f5da59386596e5d91809322866974455493918dfdd05f,0,
bbf748e60f35750f044723bb3194411f46bfc2a18e26c6be8ec346c7c5fa8e48,0,
9ad7266e52360765ab508e71b0dd4ba6e65541050df4783ec1f12e956c083709,0,
791e12c29be6d8eab35322ab39b002ed97d3e155b44902fba0de43e3e54087f7,0,
da1e94485922294eaa12b684975e2b02741a32a833619d67bf497dc01748f384,0,
dfdd8b1fab12bec7fa8da314ed2e2dfd6c97c2adb3e62949f7b450ee8c8ebbaf,0,
b82601faa9336374812baba4a0ce6ce1a4535e5fd4b499a99b4162bda4123016,0,
20348887e8a6f898b828e06c97f2515afbaa55ebd4dab550d81309d27eb75f7c,0,
9596ec5a7a9bfe426cab0020615dbe16048de5f8d9341091730cb1a6dbfd478b,0,
ebcce3dc547d03e472405fe521a2a58533361004e875053d03e7150c07b82d6f,0,
266d91bbffcaf82fa04593b6434530d322a2ed0a1529943c288026953e1bc23e,0,
e176b1e1402c26f2d027f89ed880b6c8f610c9ad5136fa024e982c8ad9276baf,0,
d1028cd43b77535329ae74432efcd0287b4d89426080a5eabaaaced70f5aebdf,0,
f0fe4b06acbdf49b5340ef13a9f106906efc520e6ab353219c4725c6cc36ade7,0,
9f59b8bdac6b0cdc20a496a48a25c75408cc53bde3766d45370fca939250fb37,0,
6cd2117dc5101d5a232f3ff4095c7dc03419fec825c565830dc5e59ea846497e,0,
bd0901de53e4b5df1ddfc1e7490f2956dff1aafb02662365ec14afe30297f70d,0,
5c25261c868f264029f92a1435e6a8448335afaf6b57f24cc6adfc67a365113c,0,
1b98a233d95defafe80dc3bb6f14e8cfa445a3e65cc220bb7c10ea3a7fdedcd0,0,
41a12709d88e0116bb17fe53542d05f232861562329aaabe3c997ae17174834a,0,
4d096ee25b14689a3cfc9748cd7d11ef0a9eb772302a1dab4526d7c51922adda,0,
315a1b2bf30b96fec19ff181451958f0543c548492a320483c23ea7f91e55bcf,0,
29b9147e81930a943a9a8c37ac30def5f89e20841b2b75d4e7546bd7ea0332d3,0,
643bc9f1f4b40d5ed93a9c1e6257bcb4cd2b737addab1f1f2eb5a5654ae69760,1,'ikarus pua.androidos.spyloan'
7279d408e617c7e9eea64a15a25b754687ca882d00b65309e716f1b99785184a,0,
3d048d40c9bb5f536acb6395350502b31eede8a24966b1ce1c04cc189106d14e,0,
826b0aee01a5f60eceacc29f8dcb3a776f6088b834ee0e66313138cff2d289e0,4,"'eset-nod32 a variant of android/packed.jiagu…', 'fortinet riskware/packaginguntrustworth…', 'ikarus pua.androidos.jiagu', 'k7gw trojan ( 0053576b1 )'"
b55e1b90032d6bb8973e95de3945e290a41522a5ded7cc0331d4a1d2207d01e9,0,
68dab2998b0a12d1090e685706e20b9b56e37381299c0fdb9ebf8fa33eee2b8f,0,
a6a349fc7a04002c3fd29a7afc4b10223a2f923602d990f45764f1e4f6265776,0,
8ea6b127f3dfeb0e7215ef217d02f9c155824eeb60a6992c45eb141a59817e59,0,
3c0ba1bbcba2d59b8651e77b9474886ffcd2496feab4efb3bd3b13e4326a5d35,1,'bkav pro'
edcdf9ddb553a82612542b60981b2dce0929699ac16be4649bd44ee4419938a4,0,
05e829cbcdf0fe20fea0b95cc48706c49586e1823ffa2c738d9c6424222e151f,0,
a1331951ccb407cc2fd4ab3a4056c2eef3b36152e878838f794776f5228c754e,0,
d4f289bb931c0de87bdaf53b462142b6e12b84ba223957c02ff30732d4d8f204,0,
c15891ad2618dc569557da215e5795428dc88e2490b3039d3f6240b8b677c544,1,'sangfor engine zero'
38589b4695d96465c413d4da9436bb0bd4bd2f828e6fe93d2c41f629b7d1791e,0,
5dfadda29f4a02fbc2ad86b02302ed152c56ec4c83a981930c555ec6d43067c2,0,
eb007e6071a2255e26d1cfa7f29866efe8734fa872d9b3f4966e9b93988805f6,0,
c7dd25395e07c6e890c63c8234a8a2ed6a52ea4f7735a3dd00ccee409abae618,0,
c01bf20d4185ebf0bfd638aec8ddb621b95aa684de2b09f83d3bcf73c8149f6e,0,
3cbcd854bbcb32e533d431a90d8a7fde410ffa9a5d6cff20a3227c0477ae862a,0,
8178945c7075d84bf32c7210230d52a282ab99945b53bc53737b5235bf1cef0a,0,
fef6af198f5501036d0df8053505107ff93d1245b9ec373105971e571a23a580,2,"'kingso\x00 win32.troj.admob.a', 'zonealarm by check point'"
b8ae3d4d55fdaea779ddb125ef3b4d14c16dcf6cac0127d9deacc7b71d61a903,0,
f47f67f291631bc56629bce02e2ccdee4fc40f718cbcc48c7758bc92700ea798,0,
84088e6ccc735b9b5076505cc679715891a33c22011c056d390e73b7ebfaa368,0,
6e5ba47c50486f34fa1b8070e89a8f99194f97a5b97b64eca3ecfbed8724c539,0,
845b6194903b5a1f6d54180efb9491da1a51eea43fdfc284b68dbee87fffd29a,0,
ca87ec3a7251fc8dd87770c2d0c9c2ac65e4fbdf29f7ea15afb64871456f5fde,0,
58fabeeb12709d59771e982dc385c65d7dd203ec185e8e54645c9c7ac1cd3368,0,
677a61f488ca28f7e0bc5623298ba57b08907403bd1b40113c32c222c89be00a,0,
0d79be6f44e84d21153071a07b5dcb612e0258523562d9b25000ed18674e9c85,0,
2bc016b74e4687e0775b147a6e54d66702241eecb66ac0a4093f24b6f397ab82,0,
c5694e5755b3bfc96e09ee0dbd6fe0acda968c347c30f8d6e29a2e073a54c50b,0,
dc69db0487380fdfc88e8c4b92de8eded26e4c69cedeb74089964415f37cb7ae,1,'bkav pro'
abf86ca642dd75bff1f9df756cccf851cea157a438157816c0ad665a79f5d26c,0,
c2a738a0502a2d54091368982635c0a3de7b2ae8e5dda04f2a8b7d8b070a23a2,0,
7cf41d2cff0b997f71dd57ff05e41b6400a91c4fda08d3b275a4b56cf90fcb1a,0,
97bbab5baeca33ae6f4572dbc7c79c62b646aab4873f5971e128e0cb613b62ba,0,
8dfd2ddbae23bd01783df6df16801c094b7e6503b0dee2651ea1d72f80f27bd6,0,
2ccb7ec12dc68a705abc7ae6a1fae754b69c106c06788c9dc8e1a0bb02168d93,1,'bkav pro'
75e8274be74a064dbca91a8076a08d100df430cfb13188bc61b878850d813a1f,1,'bkav pro'
6bb5634f5538b91c68aa3b60fdc30bcc439023724c9e9ac7efbe2915d4355c1f,0,
954ac13f9995dbc4c694a43fe73b7baa347026440afe04de7f1cdf5b1df7d46f,0,
dc2d85841e15d907c569738d908b027493d53774dc60e681d2cf65180eae0de0,0,
c45175219b7ea4394d6d7f1d66cfe6e8d2354ea7393cd0f04e3877a28090bc3e,0,
82fa87f15e8d7f0d4d1cc7d7abf4e339eade7f2321ba8d90dcd28cab20b5aa5d,0,
39459db6801d58c151569f7beb7a2d7a1fe50edec04264fbb48c439f894e2889,0,
0ad3d1fbca331322fe5a7b5047d5f65da6766a077cf8cbcb5328a1e880962bd8,0,
f4da643b2b9a310fdc1cc7a3cbaee83e106a0d654119fddc608a4b587c5552a3,27,"'antiy-avl trojan/generic.asmalwad.4b7', 'arcabit trojan.linux.generic.d201632d ma…', 'avast-mobile android:evo-gen trj', 'avert labs artemis!3bc5c2818094', 'bitdefender trojan.linux.generickd.33645357', 'bitdefenderfalx android.trojan.haken.a', 'drweb android.click.936', 'emsiso\x00 trojan.linux.generickd.33645357 (b)', 'eset-nod32 a variant of android/clicker.nt', 'fortinet android/clicker.nt!tr', 'gdata trojan.linux.generickd.42946898', 'google detected', 'ikarus trojan.androidos.clicker', 'k7gw trojan ( 005611e91 )', 'kaspersky not-a-virus:heur:adware.android…', 'lionic trojan.androidos.generic.c!c', 'max malware (ai score=99)', 'mcafee-gw-edition artemis!trojan', 'microso\x00 trojan:androidos/multiverze', 'quickheal android.clicker.gen43656', 'rising adware.mocen/android!8.13e06 (c…', 'sophos andr/clicker-hz', 'symantec trojan.gen.2', 'tencent a.expense.clickertrojan', 'trellix (fireeye) trojan.linux.generickd.33645357', 'trustlook android.malware.trojan', 'vipre trojan.linux.generickd.33645357'"
a9411de8a35b8c6e13f43ca4dbe620cff1f9b65938c1237e418a35b989c20992,0,
211d393be9ac61a7337c1002ba238c3e50186fff9723d808ee8744cab3cf15e2,0,
c5ab82199785347510edfd8c824183b9efb2c5fa6eb9a798e3413fab03f7cb34,0,
4213e5d0e6f3ffedc92f67607e2a8852f6bcc3ed38b0beafab287cfccf6acd68,0,
b4173228ac21dfb59e5c080eea32ec97542e7b8fdda88d6524846ca782034cef,0,
8d5e6f244b376177df96cb56bc8be760ac647ec4e98ed04e08804097eb7137d9,0,
600ddfe9e713c101aa0b05a4249bae972dba0ccee1145baeb9b7705df0df16b1,0,
41843f057fcb56c8faeadb0874ad75d451bfdd6c56c8646befc200e9abb6dc79,1,'bkav pro'
4a5fe8b3943eccafbca1f79737bf922ea07811b0ad902c2abb356380c232a8cf,0,
